,dt,author,title,link,board,content,positive,negative,score
4749,2016/10/6,dog9527,[標的] 5201 凱衛 多,https://www.ptt.cc/bbs/Stock/M.1475763033.A.832.html,Stock,-------------------------------------------------------------------------1.發文前請先詳閱[標的]分類發文規範，未依規範發文將受處份。2.發標的文未充實內文，多空理由不充實者，板規4-1或4-4處份3.退場機制未說明價位、出場條件或長期投資，並敘述對應之理由者，板規4-14.請依格式輸入內容，未依格式者板規4-1砍文處份。5.分類選填請益或心得者，進退場機制得刪去。---------------------按ctrl+y可刪除以上內,20,14,1
5054,2016/10/17,comemail,Re: [標的] 5201凱衛  理性判斷  本多終勝,https://www.ptt.cc/bbs/Stock/M.1476679089.A.3AD.html,Stock,"來源：富豪居FB月風8分鐘有些人已經被嘎空嘎到網路上亂喊亂叫，邀請人來放空了話說，我們從來沒有邀請人買股票而這些被嘎空的，竟然堂而皇之公告股價必跌，邀散戶一起放空意圖影響股價，這樣不好吧XDD這樣只會讓別人知道你真的很急阿~~以上為月風FB發言========================================既然時間點這麼相近  我就對號入座啦首先又是一貫的伎倆  ""我們從來沒有邀請人買股票""然後又是恐嚇嘎空  順便套個股價必跌的帽子不太懂若嘎到50塊錢讓我停損  今年績效仍然5成而富豪居散戶們績效可以+100%   這是多好的美事啊不知是影響股價怕被人看穿  時常刪留言的比較急呢?還是已經擬好操作計劃  公開發文接受檢驗會比較急?=================================================補些心得以免版主砍文其實散戶一開始踏入股市多半如此  接受訊息被引誘而來不一定人人都能自我勉勵  苦心研究成為贏家但至少期望能隨著每次的事件  增長見聞後能稍微有判斷真偽的能力這世界上各種服務各種商品太多假貨股市如此  網拍商品  新聞  外貌  人心  奕是如此不懂判斷真偽  下場就是為人魚肉  業障重啊....--",64,2,-1
5055,2016/10/17,comemail,[標的] 5201凱衛  理性判斷  本多終勝,https://www.ptt.cc/bbs/Stock/M.1476672348.A.675.html,Stock,1. 標的：5201 凱衛2. 分類：心得3. 分析/正文：基本面：前兩季eps-0.7  已透過電訪及員工確認  今年業績就是如此Q3Q4也無起色  很高機會在11月中財報公布後取消信用交易技術面：強勢高檔震盪  既然判斷是高檔則只有一個方向可做籌碼面：有心人士從8月起融資布局  先逐漸拉抬至10/4當天FB: 富豪居月風 PO文喊買  完成大量換手出貨約1/2後續散戶買盤壓過出貨賣盤  從20漲到24目前籌碼呈現極度散亂  內部人+底部買的繼續出貨散戶買單依然積極每日呈現買超的狀況操作依據：由老師+散戶推起來的買盤這幾年的案例4609唐鋒  3169亞信  3632研勤  3060銘異  1538正峰新  5205漢康對照富豪居月風之前操作9906欣巴巴  6241易通展  5516雙喜沒有任何一支能夠不跌破起漲點  也沒有任何一支能讓整體散戶賺錢在台股中小型開始集體拉回的當下  我認為5201複製以上炒作股走勢  只是時間問題4. 進退場機制：(停損價位/出場條件/長期投資)每逢漲一根進場部位的1% 每逢大跌加碼1%最多進整體15%(因部位較大  1%已經用光某幾家券商當日融券)停損價50 即總部位-15%為止依據以下幾個信念：一：除唐鋒之外  沒看過有人可帶著幾千名散戶籌碼漲超過一倍二：除唐鋒之外  所有作空炒作股票整體空單均能賺錢三：月風不是古董張  常在FB發表免責聲明撇清炒作關係  力量終有限    (比如 只提供買賣心得  要跟單是你家的事類似這種)四：我有完整的進出計劃  就算失敗也不過-15%  距離今年虧損仍很遠    但散戶進出數據凌亂  不可能如月風所言一張不賣奇蹟自來    假設23元紅K進場 碰到一根長黑跌破21賣不賣? 不賣等變下一支6241?五：古董張被抓以後  市場已很少如此規模的叫牌  主管機關已密切注意    富豪居月風  你準備好了嗎?PO文目的在於指出台股亂象  樂陞已經夠亂了然而有亂之處則為有肉之處  願散戶早日覺醒--,124,2,-1
5060,2016/10/17,keith,Re: [標的] 5201凱衛  理性判斷  本多終勝,https://www.ptt.cc/bbs/Stock/M.1476679820.A.2BA.html,Stock,安安，這支在某私人群組有放空然後月風為什麼知道私人群組喊空或者說為什麼會在意私人群組呢？有興趣查一下易通展起跌點跟凱衛起漲點這不是人為炒作的話那還有什麼是人為炒作當然這種股票成交量少，前面收好籌碼以後開始拉抬一人一張就拉上去，別再說他的標的都大賺了自己去看怎麼下來的吧然後，月風大大急了嗎？不然怎麼會在意我們這點小空單?八萬多人的社團就別注意兩百多人的群組了--,17,0,0
5062,2016/10/17,scuhans,Re: [標的] 5201凱衛  理性判斷  本多終勝,https://www.ptt.cc/bbs/Stock/M.1476711098.A.A28.html,Stock,雖然這隻已經無法用基本面來看還是簡單分享幾個我認為Q3可能的財報重點手機發文請多見諒推文有人提到 看Q3的營收應該不會虧104-3Q營收 62，263105-3Q營收 63，250基本上兩期差異很小但1043Q的毛利率還有49%而今年上半年只剩40%本業要獲利的機會實在不高或許你會說營收放大毛利率會比今年上半年好那我們來看看104-3Q的損益表結構損益在本業（營業利益僅89.8萬）幾乎是損益兩平獲利幾乎來自業外的賣股 和匯兌那麼這兩點在今年Q3有機會達到嗎？首先來看賣股的部份凱衛的持股主要為2522張的零壹零壹在1050630收盤價為16.551050930收盤價為17.05這部分不管有沒有出售 淨值都可以增加約1.26m (每股約0.04）註：備供出售會直接調整權益項目而匯兌方面我認為可能會出現損失在105Q2財報外幣資訊部分公司仍有16，390的人民幣資產當時評價匯率4.8349/30評價匯率約在4.70大約要損失2.19m(每股約0.07）因此要出現去年Q3認列業外收益的可能性我認為是低的∼當然也有可能有其他沒爆出的利多消息就不得而知了！在公司派勢必會盡力守住10塊淨值的狀況下好期待財報會不會有大驚喜啊！有錯請指教以上--,12,0,0
5067,2016/10/17,WESTONE,Re: [標的] 5201凱衛  理性判斷  本多終勝,https://www.ptt.cc/bbs/Stock/M.1476681992.A.9EB.html,Stock,大家好，小志工又來亂了。勇於嘗試各種投機方法的小書僮一枚。人家大人在打架，小朋友難道只能在旁畫圈圈嗎？不，這是一個練習鎖單避險的時機呀！多空交戰，漲跌互見。此漲勢越瘋夠8.7%時，放空一張，此跌勢越瘋夠8.7%時，買進一張。總共兩張共8.7%的鎖單就完成了。XDD這是我自創的戰法，損益風險有限，爽度無窮呀。XDD我稱之為XXgo87鎖單戰法！XX請自填XDD我絕對沒有影射他人，請勿對號入座。我絕對沒有影射他人，請勿對號入座。我絕對沒有影射他人，請勿對號入座。很重要喔！所以我講三次。如果莫名被吉了，請一人來信一封JOJO小志工。XDD我走來始終如一，小志工下台一鞠躬。--補此股分析看法與操作，我絕對沒有藏頭喔。XD月週線多頭排列，風聲面多空交戰，夠主力思考出貨，八十點會來停損，其實完全不停利。,7,9,0
5076,2016/10/18,camoont,Re: [標的] 5201凱衛  理性判斷  本多終勝,https://www.ptt.cc/bbs/Stock/M.1476766161.A.139.html,Stock,"通常看籌碼的盲點在於你不知道何時應該切入，因為你不知道他的操作週期 & 他有多少股票 or 資金，所以一看大戶買了就跟著買，大戶跑了就跟著跑，追高殺低。大戶賣股票真的是看空嗎？大股東如果不釋出一點股票，流通性低要如何 ""價量齊揚""?這樣股價怎麼炒得上去，怎麼能夠吸引技術面投資者 & 短線客來共襄盛舉?說不定大股東賣了 5% 只是剛要開始炒，為了剩下的股票能夠賣更好的價錢。[補充]賣 5% 是為了賣給市場主力，因為主力有錢沒股票，他手上沒貨為何要幫你炒？你讓他吃點貨，他炒上去才有賺，不然一檔成交量清淡的股票，忽然有人要買也要有人賣他，這都是事先約好的，至於散戶都是大漲兩三天後看到有價有量才會來了。要跟單可以，重點還是資金管理，來信大一開始的文章就有說了。--",2,2,0
5079,2016/10/18,comemail,Re: [標的] 5201凱衛  理性判斷  本多終勝,https://www.ptt.cc/bbs/Stock/M.1476761037.A.B0E.html,Stock,幾點回應我希望在股價崩盤前獲利下車的多方  以及之後獲利回補的空方都能開開心心過日子  不會有人因為這支股票影響家計生活佔持股個位數% 應該不算滿手吧...目前套牢  但也不急著解套  會逢高或大跌加碼盤中當沖主力手法不予評論  只能說我無法作到這樣程度(要有程式輔助瞬間假單  我沒寫這程式)而每日調券也無法擺出這麼多賣單  只能猜測是手上庫存較多者這的確是值得討論的地方若有人放空被嘎停損不就我害的?請欲跟單者謹慎思考以下條件  自擬作法：1.停損設50是表達對富豪居的敬意  實際也會這麼作  畢竟散戶的瘋狂是無法準確估計的  凡事留後路  最多也是-15%  風險報酬可接受2.聽說月風開始瘋狂貼FB各大社團了?  進場的越多  可預見日後受傷的也會越多  雖然肉也會越多....3.我無法等到下殺日才進場(因部位)  逢高低加上去是唯一的選項  請謹慎思考適合自己的進出方法4.籌碼的鬆動已是事實  並非如月風所言僅是空軍對抗  來自於台中地區數千張的賣盤並非空單  隨意對比就可知道  月風就算掌握了社群媒體的影響力  又能控制底部融資買盤不出貨? 公司派? 大股東?  股價漲高對於公司經營者來講  可是樂意之至  此外  數千名散戶進出真能統一?5.我對自己有自信不太會動搖  來自於幾年來的操作結果  也不會怕月風逢發文必喊要吉人  也沒收誰上課費88888 也沒到處辦講座  也沒賣房裝潢炒房  也不會被約一約就單獨去奇怪的地方被打  交友都很固定也不怕被滲透  富豪居月風你呢?===================================================補一點心得以免被刪文來到股票市場最終是希望賺錢  然而賺錢有許多種方式靠自己能力賺的畢竟在少數  多數仍是靠他人的力量例如收費上課  收會員  出書  吸金  等等並不是說所有如此作的人都是假貨  有的高手只是為了好玩和還人情  偶爾為之所以要看  比例對於已經作起來的高手  真的就是一天幾十萬百萬上下了還會想要時常作秀辦講座開課? 搞組織很累人的一個簡單判斷真偽辦法供參考--,114,0,-1
5088,2016/10/18,FXCM,Re: [標的] 5201凱衛  理性判斷  本多終勝,https://www.ptt.cc/bbs/Stock/M.1476765686.A.4FF.html,Stock,看集保每週給的資訊就一清二楚了上圖可以發現9/30-10/7號之間總股東數從不到2000人增加到3000人每個人平均張數也是大減大股東數目也少了幾個人，種種跡象都表示有大股東已經跑了股價如何、要不要放空我不清楚，不過持有的人要想想為何持有--,9,0,-1
5094,2016/10/18,longreen,Re: [標的] 5201凱衛  理性判斷  本多終勝,https://www.ptt.cc/bbs/Stock/M.1476753229.A.4D2.html,Stock,過去曾關注過我文章的朋友，應該大略知道我的操作系統，此篇就基於相同的交易方法與精神，分享一下個人看法。我本身對越瘋此人無甚好感，情感上是支持版上的來信大，當然希望「這一邊」的人（不管大中小戶）能夠賺錢。然而感情是一回事，交易又是另一回事。交易必須保持絕對的客觀，不應受情緒、情感及各種偏見，包含對人的偏見、對事的偏見以及知識的偏見，所左右。對我而言，價格是絕對客觀的，線圖就是價格，所以線圖是絕對客觀的。一些朋友知道我是「純技術派」，這是在期貨操作上而言，如果是投資股票，基本分析是絕對必要的，但是線圖仍是我最後決策的依歸，舉個簡單的例子，一支股票基本面再好，財報再漂亮，殖利率再高，只要他週線圖均線空頭排列，我還是不會去買，基本面一樣好且均線多排或水平糾結的標的就夠我挑了，我為何要委曲求全呢？反過來說也是一樣，基本面再爛，均線多頭排列，價格強勢上漲，我絕不會去放空。我們常說買空頭趨勢的股票叫接刀，去空強多股，我則把它稱為擋火箭，人是沒辦法擋火箭的，除非你是超人。價格（線圖）會這樣那樣走，勢必有其理由，有些是我們知道或自以為知道的，也絕對有我們不知道的。這兩天看到版上的文，我也順手查了一下，這支凱衛，前三年平均賺約1.25塊，本益比抓10倍左右，股價在12∼16塊算合理價格，然而今年前兩季賠了0.7塊，重要財務指標都呈負值，最誇張的是，它近一個月（09/14∼10/14）的籌碼集中度竟然從54％到47％降了7趴之多，融資餘額卻節節高昇，股價兩個月漲了近7成，顯然其中充滿令人作嘔的陰謀。但是我不會去空它。從月線圖來看，上月收最高的長紅，帶動三線（5、10、20）穿越（金叉）綠線（60）成多頭排列，本月目前又是一根漲幅更大的紅棒，月線圖全線多排已然確立，而且（我很不想這麼說）可能只是初升段而已。週線圖更不用說，全線勃起快噴出血了，連綠線角度都近45度。在這種情況下，下檔全都是支撐，要放空它的話你會面臨兩個大問題，第一，你的停利目標在哪裡？這非常難設定。第二，幾時開始回跌？眼前完全看不到頭部，連高點在哪都不知道。同一隻股票我們來看看2004∼2006那一波，大約在2005年中開始盤頭，同年12月拉回至黃線（20）附近，回升創新高後才在2006年4月暴跌。2007∼2008那一波，8、9月小幅拉回，續創新高，12月回檔後再度暴漲，就算是在創了50塊天價後，也盤了3個月的頭部才開始正式走空。在這種均線強多的態勢下放空剛起漲的個股，連個能夠設定停損的「波段高點」都沒有（只能設在「歷史高點」…），停利不知道在哪，還要承受續漲的浮動虧損心理壓力，最重要的，是喪失可觀的時間成本。理論上這支真的要空，最快也要等到日線作頭才能開始試單，此時進場，你唯一能期待的就是V型反轉，但是V轉不是你能控制的，這等於是把你的命運押在完全不確定且機率甚低的特殊事件上，這是操作上必須避免的。延續我過去曾寫過的文章，在我的交易系統中，還有一項「交易誡律」，那就是「放棄V轉」，關於這部分的詳細說明，就等日後有機會再上來跟各位分享吧。最後，順便藉這個機會，跟這陣子有來信問問題的朋友，還有感謝、鼓勵我的，以及向我「催文」的朋友，說聲謝謝，還有抱歉，我一直都沒回信，而且（PO文）也一直都很隨興Orz。--,84,1,0
5098,2016/10/18,pradalove,Re: [標的] 5201凱衛  理性判斷  本多終勝,https://www.ptt.cc/bbs/Stock/M.1476796731.A.5FE.html,Stock,台灣證券產業大餅一直萎縮，券商能給系統廠的錢當然也就愈少，而且凱衛收入=桌機板看盤軟體+代理MultiCharts+中後臺伺服器+中國部分，以前還能有一些獲利，但目前金融軟體產業遇到結構性的改變，有能力的廠商都轉做app惹，但是凱衛...恩...就不用談了，三竹這塊又守的這麼穩，其他廠商也只能打打醬油，毛利率，eps愈來愈慘就能看出來~所以各位從哪看到股價爆發的潛力?除非公司地下室挖到石油吧...這時候去做多幫抬轎的，希望未來的日子裡，別在電視新聞中看到各位在陳情抗議...--,19,0,-1
5102,2016/10/18,ssddf,Re: [標的] 5201凱衛  理性判斷  本多終勝,https://www.ptt.cc/bbs/Stock/M.1476733446.A.144.html,Stock,正義魔人來信大，希望散戶不要賠錢的言論聽起來真的頭頭是道，但是讓我感到困惑的是為何做的跟說得是兩碼子事 @@?1.你希望散戶不要賠錢，但你卻拼命放空希望股價崩盤，到底是想賺散戶錢還是在幫散戶阿??2.你認為此檔股票是有心人士佈局且已出貨，應該是善意提醒大家小心操作，為何是滿手空單然後想要教訓進場的散戶，還是說放空後股價下不去很害怕要幫自己解套??3.觀察凱衛盤中五檔掛單，總是有人基於大戶已出貨認為此檔股票多為散戶買進，盤中常常刻意掛大量賣單想要嚇散戶，甚至不惜摜壓股價想要讓散戶多殺多互相賤踏以利打壓股價，這如果是你的所為的話，好像台股亂象你也貢獻了一份喔~此檔股票是否轉空頭都還言之過早，你卻在這邊亂喊空股票，萬一害人被嘎怎麼辦阿??好像給人空完股價下不去很害怕無所不用其極的感覺耶~最後我只能說祝福你空好空滿，萬一被嘎的時候不要是第一個回補的人害其他放空的人要回補在更高的價格喔~~(說個笑話，某人停損設50!)--,41,20,-1
5127,2016/10/19,imvh,Re: [標的] 5201凱衛  理性判斷  本多終勝,https://www.ptt.cc/bbs/Stock/M.1476807329.A.213.html,Stock,  對凱衛沒研究，無意評論這檔股票，只是一個老人在回憶過往慘痛經驗.....  我空過2009年的網龍，多少價位空的已經不記得了，只記得當時離起漲點已經漲好幾倍，  印象中應該是2009/5/18~5/2/25那星期。(年代久遠，看盤軟體對帳單查不到)  基本面:雖然獲利大成長，但已經漲過頭不值那個價  籌碼面:天天漲停，想在漲停價空還沒有券，沒記錯的話，空在某天漲停板，空到的時候         還很高興，終於有券QQ......  總之，各方面經過判斷，就是不值那個價錢。一年後回頭看，我的判斷是對，但不幸的是，  沒撐到那時候，就投降了。  台股很多股票量小，股本小。  一些成交量很小的股票，很容易被鎖籌碼，基本上，這種主力股不要太理性去看待，  尤其在制度上，券有限，多空對決上，除非空方有人手中已握有大量持股，不然多方  佔絕對優勢。  不是說主力股就不會跌回來，我相信每支股票遲早都會有一天路過合理股價的時候，  只是對主力股來說，大部分要在炒手出脫後。所以看到轉空訊號，在空會比較安全些。  雖然當年在網龍賠了不少錢，不過我還蠻佩服網龍的炒手，從線圖來說，應該全身而退  (如果真的是有人炒的話)，真是高手。--,16,0,1
5138,2016/10/19,sdes6332,[標的] 5201凱衛,https://www.ptt.cc/bbs/Stock/M.1476847191.A.447.html,Stock,"1. 標的：52012. 分類：多/空3. 分析/正文：不好意思，剛剛進退場機制沒寫清楚被砍文，補發先說結論：一句話，股市人心險惡，你看到的不一定是真的。雖然我看不慣月風， 但為了他底下那八萬個信徒，來發表一下個人淺見，看能救多少就救多少藉由券商分點進出，以下是我觀察到的，這三千張券單中大概有2100到2300張是假的(到昨天18號為止)推測原因如下，如果錯誤請再指教：有主力用現股往上買進並同時用券單賣出，製造買氣強烈、融券餘額直線飆升的現況；另一邊，某人一直在富豪居擔任喊盤者""籌碼戰""、""軋空""、""一張不賣""來製造散戶信心。散戶看到的就是券單持續增加、股價狂漲。不看還好，一看激情都來了，期待可以集眾人之力把空單軋到明年股東會強制回補(打到這裡我都笑了)殊不知主力早就鎖得剛剛好，現股券單一比一，等散戶買上去就把現股倒出來、剩下的空單等回到十塊才回補傻傻散戶還以為「嘩~~衝阿~~軋空軋到五十就贏了」傻瓜，軋到五十人家剛好出光多單，剩下空單要等你賣途中若真的要強制回補人家拿現股去補就好，誰跟你在市場買阿XD以上，藉由現況推測有關主力未來的操作，雖然可能稍有出入，但應該不偏離太遠-----只能說這主力真的很賊，多空雙賺，配合人喊盤就算了，還鎖單……弄得我找了一大堆券商才空到幾張我相信來信大不會這樣做，只能說有人這樣做就是了...4. 進退場機制：(停損價位/出場條件/長期投資)現價進場多空對鎖五十元出多單，十元回補空單軋到一百停損。--",54,2,-1
5194,2016/10/21,logate,Re: [標的] 5201 凱衛 seafood股,https://www.ptt.cc/bbs/Stock/M.1477050119.A.42D.html,Stock,喊5201的人有當年喊3060那批老師猛嗎?當5201基本面不好，又發現有特定股東一直在出貨，要小心是不是跟公司有關人事在賣，易通展拉到公司直接申報賣出，是因為它們公司派持股都在抬面上，不是每家公司都這麼佛心來，直接給明示有問題的公司少碰，賺到也不是你利害，虧到會悔不當初，因為你只是賭而已，要賭我寧願拿這些錢去澳門玩百家樂，21點勝率還未必比較低，贏錢了還可以直接叫小姐上樓打一炮，享受人生還比較實際--,16,0,0
5210,2016/10/21,y22710616,[標的] 5201 凱衛 seafood股,https://www.ptt.cc/bbs/Stock/M.1477036339.A.DE5.html,Stock,1. 標的： 5201 凱衛2. 分類：多/心得3. 分析/正文：5201 凱衛「沒有任何基本面」由K棒來觀察，買盤上去的帶量K棒，多空交戰上下影線都拉，但是股價還是持續拉上去看上去就是籌碼面佔優勢，也只能看籌碼面來做大部份的券商已經沒有券可以空了接下來的上影線就是賣壓但是大戶籌碼集中死守沒錯，因為刻意炒作，放消息說：一張不賣大部分都是那個社團的成員持有一群人死都不賣，又沒什麼券可以空股價就是換手拉高；換手拉高直到整個泡沫化，變成持股的「多殺多」股價才會下跌今日已經進場25.9 五張股價起碼短時間內不會崩畢竟信仰的邪念很可怕，籌碼都在他們手上目前就看換手上漲；嘎空力道4. 進退場機制：(停損價位/出場條件/長期投資)24.9塊五張股價至28~30塊移動停利(避免當最後一隻老鼠)若有發現籌碼出貨，多殺多立即停損停利P.S: 我不是seafood 派來的樁腳不過我只是想撈點油水而已QQ我原本的發文明明就有講到分析板主怎麼判我日記文！--,31,8,1
5293,2016/10/25,comemail,Re: [標的] 5201凱衛  理性判斷  本多終勝,https://www.ptt.cc/bbs/Stock/M.1477364912.A.49C.html,Stock,10/17 發文時股價24  今目前29.3無論日後此筆交易是輸是贏  富豪居已全部大勝包含月風本人核心幹部底部參與鎖碼各路人馬公司大股東緊跟著海鮮腳步的忠實信徒聽信徒的好朋友們監察人零壹科技只要是低檔買進高檔賣出->現在都賺大錢以上都是股市贏家就算現在還沒賣的幾千名散戶持有者只要能夠每天FOLLOW富豪居FB  時時刻刻謹遵教誨並且注意盤面狀況相信在海鮮煮熟之前  都能在跌停板上跑掉都能獲利而我之後也會更尊敬網路社團的力量並且申請加入富豪居期望能更了解社會百態[NBA] Paul Pierce「打不過他、就加入他。」=================================================補心得避免被砍：一直以來我認為透過大量研究搭配努力學習  程式掃描  風險控管  心態培養以此創造利潤  是可行的方式這次見識到另外一種創造大量利潤的方法若人生以金錢物資人脈名聲來打分數的話富豪居月風此生應該可以超越95%的人希望月風努力做  盡量做  直到蓋棺那天  都可以維持一代大師風範--,103,18,-1
5295,2016/10/25,da0817,Re: [標的] 5201凱衛  理性判斷  本多終勝,https://www.ptt.cc/bbs/Stock/M.1477368856.A.39A.html,Stock,前文恕刪一堆人在看雖空軍  我來支持一下空軍今天早上看到某狙再說權證小哥也在散播謠言真希望小哥去吉一下剛剛用理財寶發現一個問題10/03 喊出買進5201 價位18.5不過當天只有亞東高雄成交100張在19.618.5的價位只有凱基大直有三張  真不知道18.5怎買的我絕對不會懷疑是喊盤 因為不會有人吃在漲停在喊盤隨然我一路上都有看到虎尾幫的影子10/12 買進79張 賣出149張 然後當晚13號就開始解盤說是空軍大空了多少張多少張10/14 買入110張 賣出76張10/17 買入101張 賣出76張10/18 買入70張  賣出61張10/19 賣出50張  就在這天結束就說 在10/20傳出有業務員告知有人匯撥50張過去亞東賣出  那麼剛好?18號來信大參戰馬上就有回應?當天20號也貼出有一張買入價位在25.15  20張的成交單 (有找到這筆)當天成交99張 賣出0張以上 理財寶資料心得:1.理財寶有時候有一個盲點 如果你用統計天數下去看 他只會統計當天是買超或是賣超我只能用分點查詢 手動計算分點每天的買賣超2.一路上都有虎尾幫的身影3.ㄟ!!我想不到啥好寫了耶! 因為天天戰況都在變化4.我承認我很閒 所以以上文章各自解讀5.空軍加油!!6.對了 想知道這個老師的故事 網路可以搜尋一下藍玉大 跟他有精彩的交手7.易通展 欣巴巴(小獅王) 這兩檔被套死多少人 大家都知道巴! 不知道的再來寫故事--目前轉播戰績先發:1W0L (完撥勝)中繼:0W1L--,11,2,0
5311,2016/10/25,logate,Re: [標的] 5201凱衛  理性判斷  本多終勝,https://www.ptt.cc/bbs/Stock/M.1477380499.A.069.html,Stock,10/25凱衛 監察人零壹科技一般交易目前持股 902，000轉讓張數 232，000============易通展易通展：台灣鋼鐵等於6/16-7/13經集中市場交易，合計減少持有公司股份36.2萬股易通展：台灣鋼鐵等於7/14~27經由集中市場交易方式，合計減少持有公司股份24.1萬股雖然未必會立刻反應股價(易通展是8/10號開始跌)大股東直接申讓賣出要非常小心--,22,1,-1
5325,2016/10/25,y22710616,Re: [標的] 5201 凱衛 seafood股,https://www.ptt.cc/bbs/Stock/M.1477372332.A.2EE.html,Stock,如同文章移動停利，29.2出場3張但是還未到30塊，反正有賺就先跑了手頭還剩2張，今天差點漲停賣單掛1000多的數字明顯刻意假單因為今天漲停就正式宣告這檔被玩壞了散戶會大量下車(包括我)這也是我手頭還留兩張的原因明顯就是還可以拉繼續拉現在就盤在28.8，之後日子應該還會上漲如果漲幅不大，甚至看起來拉的很勉強剩下兩張就會出脫，屆時頭部也算形成就看是散戶多殺多，一路狂跌到起漲點還是散戶恥力夠，逢低沿路攤平，緩跌收尾-----Sent from JPTT on my HTC_M9px.--,0,0,1
5598,2016/11/3,tosay,Re: [標的] 5201凱衛  理性判斷  本多終勝,https://www.ptt.cc/bbs/Stock/M.1478176371.A.426.html,Stock,大家注意以下引用fb分享網頁，如有不當，請來信告知===既然最近流行檢舉，那好吧，到底是自由買賣股票有錯，還是散布不實言論意圖打壓股價有罪，我看交給法官來判好了，從今天開始，我們將請所有社友幫忙搜集所有空方意圖影響股價之言論，以及意圖操弄股價的空方共犯，還有賴群，私訊等各種空方造謠，再加上大量放空的融?資料，一併交給相關單位，追查是否有惡意打壓股價，造成特定人士獲利之行為，請有相關證據的朋友，直接將相關證據傳給社團理事「江大頭」，做整理統計，「公道如果不在人心，那是非就各憑實力吧」===也就是說，如果你有贊聲的，也算是共犯本人不針對此事發表立場，希望各位網友能了解不過這裡是股板，還是發表一下該股票的分析以下針對實際數據分析，絕無不實技術面來看要往上，還是要解決掉 10/27， 10/28的大量高點要往下10/4的爆大價成交者願意容許的點基本面Q1，Q2都是虧錢的，不是不能漲，那就看Q3才爆是否能有驚艷的表現不過個人從月營收看不到亮點，毛利淨利在Q1/Q2也是負值，還是一樣要看Q3--,15,4,1
5821,2016/11/10,jwzkp,Re: [標的] 5201凱衛  理性判斷  本多終勝,https://www.ptt.cc/bbs/Stock/M.1478781893.A.C60.html,Stock,Q3公布了凱衛 105年第3季綜合損益表，每股盈餘0.28元年增 -55.13%終於停止虧損啦明天續噴??--,58,1,1
5947,2016/11/14,bbs3379,Re: [標的] 5201凱衛  理性判斷  本多終勝,https://www.ptt.cc/bbs/Stock/M.1479098281.A.E35.html,Stock,沒有基本面的股票  玩的就是籌碼戰和心理戰主力利用融資融券鎖單   準備要多空雙賺有膽識的人可以先準備好資金  看好時機放空我估計目前已經走到末升段了萬般拉抬只為出技術面的判斷看你是要高檔爆量長黑尖頭反轉或是做頭破線慢慢盤跌   現在就是等訊號出現就是空點搭配投顧電視上瘋狂放送漲停板   搭配新聞利多出來可能是虧轉盈  營收大幅增加   接到大訂單等等放空最怕的就是被反咬  所以要特別注意資金控管和風險漲快3倍的股票   肉真的很多加上股票目前還算中低價位  小戶也可以空不會有太大負擔等訊號一出現我就會空了  只是擔心到時候沒券可以空--,17,2,-1
5953,2016/11/14,comemail,Re: [標的] 5201凱衛  理性判斷  本多終勝,https://www.ptt.cc/bbs/Stock/M.1479091903.A.92F.html,Stock,已停損已實現損益 -三百多萬仍有部份未實現損益  不過沒關係影響不大就放著繼續看看seafood能帶著集保三千散戶走多遠底下開放多軍信徒嘲笑文+空軍噓文~~若有人身攻擊請板主也不要桶   謝謝~~--,183,11,1
5977,2016/11/14,PPDTMK,Re: [標的] 5201凱衛  理性判斷  本多終勝,https://www.ptt.cc/bbs/Stock/M.1479089463.A.9F0.html,Stock,感謝大大賞錢有人規定低於淨值10塊就要跌嗎何況Q3還是賺錢 ，你鍵盤估第三季還看錯方向離大大停損50不遠了，感謝有空空單保證金不足去補錢跟著PTT高手反做就是爽--,19,21,1
5993,2016/11/14,weron,Re: [標的] 5201凱衛  理性判斷  本多終勝,https://www.ptt.cc/bbs/Stock/M.1479095844.A.D64.html,Stock,"看了一下前文，如果壓的真的是本金的15%被軋的壓力會很大，主力一炒就漲兩三倍的情況並不少見，如果有機會會賠30%以上已經不是""本多終勝""了。我只玩股票，看空的時候一檔最多只壓2-3%，然後同時空十幾二十檔，通常一定會遇到明明是爛股卻一直飆，當然也有自己看錯的...今年有遇到的隨便舉個幾檔:宏達電 空86 最高110 現價77網龍   空34 最高 55 現價34.7匯鑽科 空64 最高 83 現價51策略就是只要他還是爛股就放者凹到我賺錢為止...本多終勝 :Q怕被酸只會嘴砲還是貼個對帳單(未實現) --",11,0,-1
6032,2016/11/15,y22710616,[新聞] 凱衛列注意股！10月每股盈餘0.09元,https://www.ptt.cc/bbs/Stock/M.1479209090.A.5E3.html,Stock,-------------------------------------------------------------------------1.發文前請先詳閱[新聞]分類發文規範，未依規範發文將受處份。2.連結過長請善用  縮網址，連結能不能點擊者板規4-1處份。3.心得/評論請盡量充實，心得過短將會以4-4一行文規範水桶處份。4.請依格式輸入內容，未依格式者板規4-1砍文處份。---------------------------按ctrl+y可刪除以上內容。-------------------,69,4,-1
6033,2016/11/16,a0000000001f,[請益] 5201凱衛 信用交易,https://www.ptt.cc/bbs/Stock/M.1479227490.A.20D.html,Stock,信用交易是先要有一張融資，才能有一張融券！假如某檔股票融資餘額6055張，融券餘額4727張假如這6055張融資明天一次全部現金償還，融券明天是不是也要全部回補？假如融券當日沒回補完，券商是不是要去標借現券來還？假如成真，那強制回補的力道，會跳幾根漲停？之後會跳幾根跌停？我只是說假如，想一想問一問而已。--,5,0,0
6050,2016/11/16,melvin1234,[標的] 主力股 5201凱衛,https://www.ptt.cc/bbs/Stock/M.1479277007.A.8EA.html,Stock,1. 標的：5201 凱衛2. 分類：多3. 分析/正文：   5201 凱衛 基本面爛到爆 所以就不討論基本面了   1. 股本 3.07億 也就是說 總共也才3萬多張股票而已   2. 20元爆出8千多張大量 股市老手的經驗是 主力已經出貨完畢了   3. 版上24元有中實戶喊空，且大量進場放空，喊出停損價50元   4. 此後 股價一路上漲到今天的收盤41.6新高價   5. 此中實戶也於37左右停損了   以前的經驗是，主力股爆大量後，表示主力出貨，   所以一般都說頭部通常伴隨著大量，但是5201已經狠狠地告訴大家，   爆出超級大量不一定是頭部，很明顯的就是不嘎死空頭絕不回頭，   我今天在突破平盤時進場了5張，希望達到50元的目標價。4. 進退場機制：40元進場 50元停利 37元停損--,91,8,1
6068,2016/11/17,Beer,Re: [標的] 主力股 5201凱衛,https://www.ptt.cc/bbs/Stock/M.1479384324.A.2D3.html,Stock,凱衛資訊股份有限公司股票（代號：5201）因最近10個營業日內有6個營業日經櫃買中心公布注意交易資訊，爰自105年11月18日起10個營業日(105年11月18日至105年12月1日，如遇休市、有價證券停止買賣、全日暫停交易則順延執行)改以人工管制之撮合終端機執行撮合作業(約每5分鐘撮合一次)，各證券商於投資人每日委託買賣該有價證券數量單筆達10交易單位或多筆累積達30交易單位以上時，應就其當日已委託之買賣，向該投資人收取全部之買進價金或賣出證券。信用交易部分，則收足融資自備款或融券保證金。但信用交易了結及違約專戶委託買賣該有價證券時，不在此限。來源:--,26,5,-1
6074,2016/11/17,cpy5740,Re: [標的] 主力股 5201凱衛,https://www.ptt.cc/bbs/Stock/M.1479387256.A.380.html,Stock,這一天還是來了這檔股今天盤中已經出現多單走人的現象所以我希望有這檔股的朋友可以冷靜的思考一下是不是賺夠多了這檔股走到目前為止做多的應該很難賠到錢所以在30元前推薦買進的各家股神其實都不是壞人因為目前來說根本沒有被坑殺的多軍我這兩天都有在盤中現沖此檔我都先賣後買，雖然賺不多，但都是獲利明天盤中會再決定要多還是空有招開盤八法你們懂嗎？有機會再跟大家分享<目前這檔建議看戲就好，別碰最安全>心，執筆收用--,48,7,1
6082,2016/11/17,lalelee,Re: [標的] 主力股 5201凱衛,https://www.ptt.cc/bbs/Stock/M.1479366305.A.441.html,Stock,"去看集保分布這三個月的趨勢吧，400張以上從53%到24%，400以下則從45%到75%，你如果相信 ""一張不賣 奇蹟自來"" 這句話， 可以勝過 ""獲利了結""的人性，就繼續抱著吧~--",19,11,-1
6084,2016/11/17,melvin1234,Re: [標的] 主力股 5201凱衛,https://www.ptt.cc/bbs/Stock/M.1479346798.A.0A5.html,Stock,今天又續漲了 雖然我只買5張 也不打算加碼昨天40元買了5張後 發文想聽聽看版友的意見如何沒想到推文一面倒的看空 說到時候連續跌停 我都停損不掉還有人丟水球叫我小心這檔股票 我不會回水球 但我有看到 謝謝你我現在在思考的是 28法則這件事 在股版是真的適用的想再聽聽大家的意見 會漲到50嗎? 還是開始要跌了?--,92,11,1
6094,2016/11/17,stosto,Re: [標的] 主力股 5201凱衛,https://www.ptt.cc/bbs/Stock/M.1479371292.A.BAD.html,Stock,看樣子你沒看過古董張的回憶錄我忘記他當時做哪檔了，他說他股票出光後，但是股價還是在噴人氣很重要的，現在氣勢正旺!! 不能斷--,14,0,1
6121,2016/11/18,melvin1234,Re: [標的] 主力股 5201凱衛,https://www.ptt.cc/bbs/Stock/M.1479437556.A.1DE.html,Stock,漲停了!!今天不是要來炫耀賺錢的 說過了40元買5張 頂多賺便當錢而已也不是來打臉看空推文的 打臉或是酸完全沒意義但理性討論我認為很有意義這檔股票 2個議題 我想很值得做股票的大家來討論一下大家腦力激盪一下1. 28法則:   當很多人看不爽這檔進去空，或是沒進場空，   只想看他跌，然後看多軍笑話時，為何他偏偏就不跌反漲?2. lalelee提到的集保分布這三個月的趨勢:   這總證交所公布的資料是否有參考價值?   大戶是否早已開了幾百個戶頭做準備了?我不是股神，也不知道會漲到哪裡，只是希望大家理性討論看看，希望能對大家日後做這總主力股會有幫助。--,25,2,1
6126,2016/11/18,Sirius1812,Re: [標的] 主力股 5201凱衛,https://www.ptt.cc/bbs/Stock/M.1479439036.A.583.html,Stock,5201多空軍戰很久了，我是一直在場邊看戲，因為這場精彩大戲不用買票，不看不行。現在來看是多方完勝空方沒錯，既然說要理性討論，那我也來兩邊打臉一下。先給空方，來信大當初發文要空的時候，印象中當時的價位是在25左右吧，他有寫出完整的交易計劃，也計算過風險，資金控管也考慮過了，所以就算他『逆勢』做空，我也不會覺得有甚麼不妥，但是跟風做空的人，你們是為甚麼空5201?因為來信大空所以空? 因為看5201一直漲不爽所以空? 因為看某seafood不爽所以空?你們有沒有自己的交易計劃? 資金控管? 停損機制?好啦，現在來信大認賠出場了，你們空單還抱著嗎? 為什麼抱?______________________________________________________________________對於做多的，我不是很想這樣講，如果你的初始部位，不是低接，不是做突破，你是追價買進的(EX買在35以上而且現在還抱著)以我的觀點，你們全部都是輸家。同前面罵做空的一樣，你們追的理由是甚麼?跟風?  看他很兇所以追?  因為seafood很強大很邱所以衝?這次或許可以賺，但是你們這種行為，令人擔憂阿...沒有交易計畫，沒有資金控管，長期下來，運氣總有用完的一天。______________________________________________________________________說真的，10/06~10/26買進的也好不到哪去。我印象中某人是從18左右開始喊的。我沒看籌碼跟基本面，這種我看就多頭阿，沒做頭前不看他，短線看11/15低點不要破就好。當然能參考，如果主力真的很用心去開幾百個戶頭營造散戶跟風的狀況我也是佩服。市場的羊，永遠宰不完。不是不能碰，是不要盲目。很多人是專做主力股，也賺到錢，重點是他們有自己的一套方法跟在主力後面上車，然後在適當的時候下車。但是大多數人是傻傻追，噴出笑呵呵，結果主力勞跑的時候他們還傻傻抱。樓上這位同學你在崩潰甚麼?,0,6,1
6144,2016/11/21,kurama1984,Re: [標的] 主力股 5201凱衛,https://www.ptt.cc/bbs/Stock/M.1479551346.A.A6F.html,Stock,純粹技術討論這支股票總籌碼3萬1假設沒有轉手的籌碼有董監加融券約1萬1市面上如此熱門的抄股有2萬張上週成交量有3萬也就是說上週做這檔股票易手下車的人就高達流通性150%如果我是西傅最有機會下車就是上禮拜不知道有人知道西傅真的一張不賣嗎？嘻嘻-----Sent from JPTT on my LGE LG-D855.--雙鴻單週流通性還沒有一週比西傅高 越高券商越爽就是了西傅看起來財力很夠啊 如果手上抓的籌碼夠真的是被散戶自己抄上去要是散戶不抄就要自己手續費和稅金抄了11/19 18:44週五開黑盤 我猜就是出走耶。而且看盤後融券減超多 下週沒券尬 往上沒動力真的看不出來 內線可能放一個消息 空軍就一天全滅口11/19 19:23多空賭很大耶 風險超高虎爛 空軍買不跟出 要傳家?空軍看來要消失了 消失之後 這隻股票沒利多西傅要買垃圾放家裡?反而像是由多轉空 跟空軍勾結好了 準備收錢哪來的慧眼 XD不能說沒可能 但進度條還早 沒人賣可能先尬死了推 fgdgd       : 現在我推1603華電 這檔很有機會5年內 衝破50元→ fgdgd       : 我明牌已經報得很清楚了 你們記得一定要買如果有qe之類的消息會考慮→ fgdgd       : 有聽我推薦買進賺到錢的人  記得事後給我P幣?推 cpy5740     : 1603筆記起來推 fgdgd       : 我在本板也有發1603華電的標的文  參考 #1O7qLgq推 cpy5740     : 有賺的話請你吃雞排這隻股票的小動作好多 上下玩死人 散戶現在買賣勝算都小於50%推 EX37        : fgdgd讚，我也是推華電，但我看量跟線推 qaz214536   : 都已經說一張不賣了，當然要留一張推 lovecab     : 大家討論這麼熱烈。下週一要崩崩了？趁融券跑的時候出貨 技術上可以做成漲停要是融券出完了 順勢來個大怒神XD66362E11/19 21:04拿一張股票出席股東會XD股板經過樂陞之後還是不經判斷亂跟的應該會減少啦 (樂觀)其實禮拜五有略顯鬆動 等到融券回補的結束之後 鬆動會更明顯 看會不會出現只有少數人拉漲多數人下車的盤面理論上是大籌碼有主控權 而且他的優勢是死豬不怕滾水燙 基本面這麼差 買的人自己心甘情願放在這養 公司還獲得大筆資金投資 來年放個財報嚇死空軍公司漲十倍到底要不要賣呢 反正以後再買回來XD多空都分析了 不知道閣下有高見?這部分我不懂 但反證如果股價剩百分之一肯定有影響單純嘴炮一下 很大機會會往下 因為這個量大到不受控制 只要散戶內心不夠堅強 很容易一這肯定有可能的啊 他又不是外資只做單向就像外資今天又買100多張的消息背後 可沒說買1000多張 賣900多張對 很多人貢獻稅金 手續費但人性是怠惰的 一堆人還抱在手上^^恐慌的時候就裝死啊 沒有買賣 沒有傷害現在是多空的微妙時刻 摸頭追高都不想進去^^我覺得主力在測散戶風向 如果散戶沒明顯賣壓 主力才會進場 沒意外開盤要拉漲帶風向散戶絕對是急著要逃 跟做空的一樣急這要看主力在前面時間的獲利程度決定膽子的大小了我覺得可恥的做法是空單帶上去 到50塊先把約定做滿給交帶 這時候融券3000一定買好買滿 然後再把庫存一次丟光 這樣殺下去 一定可以黑到底2天 絕對沒人敢留 多空雙巴出現黑到底的情況 不用看就是西傅傑作了不過想也知道西傅已發文退出市場我相信炒到一張1000萬 也只是事在人為每個人都有收手的價碼禮拜五早盤就有人忍不住誘惑了啦真有人跟隨你炒上去不放的人太少了淨值假設是3億 炒到30億之前 董事長就賣公司了 不用散戶賣 想開無限礦 沒人會跟錢過不去反正一堆人懶得動腦抱在手上就對了這2樓跟我沒關係吧你可能比我還相信我說的 千萬別玩啊 孩子玩不完了 叫人不要跳進去送死 今天融券又抓1000個交替 真是笑死我要麻這一千是seafood跳下來買波動 不然真是看不懂阿,51,6,-1
6176,2016/11/21,XINGUAN,Re: [標的] 主力股 5201凱衛,https://www.ptt.cc/bbs/Stock/M.1479616328.A.C34.html,Stock,籌碼，空頭不死，多頭不止，尬空的股票就是這樣技術，禮拜一是關鍵，長紅後趨勢不對就有判斷訊號出來目前不急下定論啊......，畢竟融券還沒死光，說不定定還有人繼續空，這種妖股誰知道另外這支股票也不只師傅在走，還有老師啊......，把股票當兄弟的老師跟轟天雷當時光機的，老師跟股票結拜也要跟你說？--我也覺得還早謝啦兄弟XD我今天進誠品看他的書，裡面有寫到這出場訊號為何很早之前就有講這次不公告個人出場時間了......反正等拜把兄弟通知啦：謝啦兄弟，已經到了關鍵價，先帶會員獲利入袋囉！,12,2,0
6201,2016/11/21,KEVIN14752,Re: [標的] 主力股 5201凱衛,https://www.ptt.cc/bbs/Stock/M.1479706905.A.E4A.html,Stock,想借標題問一下這檔個股 看了一下常用的TEJ資料庫 出現了我之前沒看過的會計師給的評論 有沒有人可以幫忙翻譯一下--,15,0,-1
6202,2016/11/21,lalelee,Re: [標的] 主力股 5201凱衛,https://www.ptt.cc/bbs/Stock/M.1479713505.A.762.html,Stock,這檔我從10月初一直看戲到現在，因為對籌碼的了解不深， 所以很感興趣， 追蹤到現在，想請問一下， 在推文中看到說只剩玉山還有20來張的券可以空，但去查集保融資餘額到今天為止是: 6055 張， 融券餘額是: 3932 張，那不就代表還有 2100 多張融券可空嗎 ??這2100 張跑去哪了 ?不知道我的理解哪裡有錯誤  謝謝--,25,1,-1
6206,2016/11/21,melvin1234,Re: [標的] 主力股 5201凱衛,https://www.ptt.cc/bbs/Stock/M.1479693973.A.BE0.html,Stock,交代一下當初發文時 進退場機制：40元進場 50元停利 37元停損今天盤前掛50賣出 5張，成交 50.2 小賺便當錢其實 版主說得很對 comemail當初放空有照著策略走所以comemail是贏家。然而 多方35元以上買進的，你們都是輸家。比較可惜的是comemail如果當初堅持50停損的話結局是否會有不同?我覺得今天這檔主力股 大家還是可以 值得討論一下的作為以後做主力股的借鏡--,57,12,1
6331,2016/11/23,scotthsiung,Re: [標的] 主力股 5201凱衛,https://www.ptt.cc/bbs/Stock/M.1479914057.A.596.html,Stock,如題..此股東結構已經非常明顯的轉移1~20張的小股東從九月多W39 只佔15%到目前W47上升到50%然後超過1000張的大股東從32%急速脫手到15%有鬼  快逃阿~~很快就要上新聞版面了--,35,3,-1
6352,2016/11/24,clark0816,[標的] 5201凱衛,https://www.ptt.cc/bbs/Stock/M.1479968255.A.CFB.html,Stock,版主說問個股，要用標的。1. 標的：5201凱衛2. 分類：請益3. 分析/正文：看跌者：5201終於跌下來了。這是故意跌下來，讓散戶進場空的點。然後再一路鎖碼漲停？嘎死散戶呢？（我真的懷疑有心機這麼重的主力）看多者；還是凱衛要回到基本面了嗎？（我猜有點難）？請求各位股市冥燈給於正確答案？4. 進退場機制：做多者，38元-37元該退場了。（這是版友說的）做空者，願主保佑你有雄厚的資本凹。因為可能天天鎖漲停。無法回補。--------------------------------------喔！我不知道現在停資停券了。你指的師傅應該不是我吧！雖然我股齡20年。又是念財管系的。以我賠掉1000萬身家的人，不是指我吧你一定沒有遇到鬼股之一，佶優。從2元。飆到80元。那時財政部都介入了，結果空軍每一個都哭出來。因為他有高獲利了。,31,14,1
6420,2016/11/25,Sirius1812,Re: [標的] 5201凱衛,https://www.ptt.cc/bbs/Stock/M.1480057796.A.D6C.html,Stock,拋開多空對立，來理性看看這檔飆股。今天的下跌出現幾個可以觀察的現象：1.11/21長下影線被跌破。  也就是在這一天進場、撐盤、護盤的在今天收盤後，全數套牢，  如果無法短時間站回，那精美的散戶持股比重稍微信心鬆動應該頗精彩。2.11/15、16、17量滾量上攻低點36.6，  多頭就看這三根吧，這三根都被套的話，整個技術面都爛掉了，  那精美的散戶比重會續抱還是會變成賣壓，讓我們繼續看下去。結論：1.市場的羊永遠宰不完。2.投資理財有賺有賠，自己的錢請自己負責。3.主力很強大，以上分析可能無效，但是大多數正常股票應該還是適用的。--,177,3,-1
6486,2016/11/29,clark0816,[標的] 5201 凱衛,https://www.ptt.cc/bbs/Stock/M.1480371836.A.0EE.html,Stock,1. 標的：5201 凱衛2.分類：心得（主力吃貨中）3. 分析/正文：看了最近的籌碼，以為融資減幅沒有融券的大。看樣子，凱衛炒作已經告一段落。「外資」一直在吃貨。（可能是本土資金，假冒外資之名），昨天融資減幅大，融券卻多放空。看樣子，凱衛在炒作下不容易退場。反而現在進場放空者，要有被嘎的可能性。4. 進退場機制：退場：50元吧前波高點進場：請看籌碼面，所謂「外資」是否成為賣方？資券比是否下降？才是進場好點位--從籌碼看股票而已。1.外資連續兩天做多買進。2.融資昨天減3.融券昨天增。單就籌碼方面來看。主力吃貨的可能性不小。,30,6,1
6570,2016/12/1,melvin1234,Re: [標的] 5201凱衛,https://www.ptt.cc/bbs/Stock/M.1480569538.A.CE1.html,Stock,也來技術分析一下 (不管其他醜碼面基本面等等...)1. 版大發文那天跌停，之後沒再出現過低點2. 沒跌破跌停以來連續4天沒跌破版大說的36.63. KD指標跌到低檔4. 明天解除關緊閉5. 今日41進場5張 停利50 停損376. 主力很強大，以上分析可能無效，但是大多數正常股票應該還是適用的--,18,1,1
6665,2016/12/5,sdes6332,Re: [標的] 5201凱衛,https://www.ptt.cc/bbs/Stock/M.1480909114.A.802.html,Stock,這三天把凱衛這檔股票空單出清，多空淨額=-1...因為資金有更有效率的去處其實多單沒有出在最高，說五十要出場也還是被嚇到了QQ  一直到跌下來才出多單出場均價47.38、空單回補均價在42.2，總張數六十多張出光了就不太想多講什麼，只是想來發一篇炫...呃，勸導文，積積陰德這檔其實不難1.基本面。嗯，上週五市值是12.2億，近四季盈餘為16萬3千元，本益比7，484倍。十六萬這數字...去7-11打工薪水都比這高，軟體代理業可以做成這樣我也是醉了。2.技術面，這檔技術面沒價值，左右手互丟丟出來的給我足夠空單我也能畫出來一個相反的。3.現在買他就只剩下籌碼面可以買了，這也是我要講的重點買方認為自己未來有機會軋空，在於明年四月左右空軍會面臨強制回補的規定，屆時買盤可以讓自己下車現在重點就在這，這些空單是否能夠支撐所有要下車的多頭呢?說實話籌碼K線我已經有點亂掉了，看不太出來哪些是真的買盤賣盤、哪些是匯撥...所以從最簡單的集保庫存去看就好從富豪居的海鮮大家長月風喊了之後到現在一百張以下的散戶多了2，207個，持股多了10，993張資料來源是nlog 股務部資訊平台 同時間，券單張數是4，154嗯，四千一百張買單夠不夠讓一萬一千張的多軍下車呢?我數學不好，五樓幫我算一下。總結就是，用籌碼K線去看看過去類似凱衛這種無基本面支撐的炒作股可以發現買在山頂以及山腰的不一定都是散戶，但到谷底還沒走的絕對是散戶因為要把錢拿去買翻倍的股票，所以只剩一張空單見證奇蹟看看月風多有能耐，可以讓一萬張散戶安全下庄XD--唐天寶年間，胡人安祿山為三鎮節度使，擁兵自重，權傾一時。祿山甚好楊貴妃雙乳，但知褻帝妃唯死罪，久藏念於中，祿山與高力士暢飲於亭，祿山仗酒意，盡訴宿願。力士允諾，索萬金為酬。力士暗配癢癢水予宮女，待貴妃沐浴，塗其內衣。貴妃著衣後甚癢，怠召御醫入宮。御醫受力士賄，稟玄宗，非胡人涎不可治。力士預藏解藥於祿山嘴。玄宗急召祿山入宮，舐貴妃胸，祿山滿足其慾，貴妃亦癒。力士急索其償，祿山欲賴之。力士憤而離去。力士又暗配癢癢水予宮女，待玄宗沐浴，塗其內褲。翌日，玄宗急召祿山入宮...--,29,3,-1
6731,2016/12/7,loken0408,[標的]5201 凱衛,https://www.ptt.cc/bbs/Stock/M.1481118493.A.B99.html,Stock,1. 標的：5201 凱衛2. 分類：多3. 分析/正文：今天公布11月營收2123萬年增4.37%融資使用率來到了84.8%接近一個月的新高融券這6天來增加至613張但股票不跌反漲看似要上演嘎空行情今日44元進場5張打算炒一下短線4. 進退場機制：44元進場，47元出場，40元停損--,28,5,1
7171,2016/12/21,gauss5566,[標的] 5201 空,https://www.ptt.cc/bbs/Stock/M.1482331131.A.6BF.html,Stock,-------------------------------------------------------------------------1.發文前請先詳閱[標的]分類發文規範，未依規範發文將受處份。2.發標的文未充實內文，多空理由不充實者，板規1-1-5或4-4處份3.進退場機制若非長期投資，請輸入停損價，否則依板規1-1-6處份4.若為長期投資，但無充份分析理由，將依板規1-1-5處份4.請依格式輸入內容，未依格式者板規1-1-2砍文處份。5.分類選填請益或心得者，進退場機制得刪去。-----,109,16,-1
7260,2016/12/23,y22710616,[標的] 5201 凱衛,https://www.ptt.cc/bbs/Stock/M.1482460497.A.BC7.html,Stock,----------------------------------------------------------------1. 標的：5201 凱衛2. 分類：空/心得3. 分析/正文：從１０月、１１月份來信大po文提醒大家要小心這檔股票原因是股本小，容易被主力作手操縱只要稍微把持個籌碼就很好拉但大量的放空，賺錢了嗎？有時候不要盲從的跟牌要有自己的看法，想法像我就認為這個主力要面子因為他還有其他生意要做靠這個來吸人氣，然後賺大攤的賣房子比操縱股票輕鬆多了好吧，目前從50塊沿路下噴到近期低點29塊跌幅,73,15,-1
7293,2016/12/26,gauss5566,Re: [標的] 5201 凱衛,https://www.ptt.cc/bbs/Stock/M.1482742744.A.11F.html,Stock,這是我前幾天發的標的禮拜五當時反彈時還一堆人說什麼股海冥燈事實再度證明 反彈連34都過不去 可以想見 反彈只是被些投機客給炒上去投機客離場後 籌碼再度陷入多殺多的情況只要看今天的分時線即可發現 成交量低迷 價格卻一直往下殺獲利了結的早就數鈔票了 剩下的信徒只要每天磨一點 就可以把他們信心都擊潰社團內出現一堆獲利了結文 不知道還沒出貨的信徒是什麼感覺如果上禮拜有聽我的 每天只要開盤可空就空 今天大家就又賺了個大紅包我知道社團也很多人在看ＰＴＴ 如果看到此篇的信徒們早點下車吧 一堆師兄師姐早就棄你們而去了 幫你們ＱＱ--,76,8,-1
7445,2017/1/3,tosay,Re: [標的] 5201 凱衛,https://www.ptt.cc/bbs/Stock/M.1483191382.A.5B9.html,Stock,大家好在2016的最後一天，最開心的就是要感謝seafood個人的心得就是他讓我們了解，真的炒作的股票終究是要下來的帶著一大群信徒跟散戶無法撐住的空在該空的地方獲利是快而且豐收的--,25,2,-1
